{"stats":{"minecraft:used":{"minecraft:cooked_mutton":1,"minecraft:stone_pickaxe":132,"minecraft:wooden_pickaxe":74,"minecraft:white_wool":2,"minecraft:torch":12,"minecraft:dirt":22,"minecraft:mutton":5,"minecraft:crafting_table":6,"minecraft:white_bed":1,"minecraft:oak_log":3,"minecraft:wooden_axe":34,"minecraft:wooden_sword":56,"minecraft:furnace":3,"minecraft:porkchop":1,"minecraft:andesite":4,"minecraft:cooked_beef":2},"minecraft:custom":{"minecraft:interact_with_furnace":12,"minecraft:mob_kills":17,"minecraft:interact_with_crafting_table":8,"minecraft:leave_game":3,"minecraft:time_since_death":35750,"minecraft:climb_one_cm":23,"minecraft:time_since_rest":35770,"minecraft:sprint_one_cm":99300,"minecraft:damage_taken":575,"minecraft:walk_one_cm":95354,"minecraft:drop":1,"minecraft:damage_dealt":1653,"minecraft:swim_one_cm":46352,"minecraft:fly_one_cm":95230,"minecraft:crouch_one_cm":4991,"minecraft:play_time":57320,"minecraft:deaths":2,"minecraft:sneak_time":9569,"minecraft:walk_under_water_one_cm":3931,"minecraft:jump":721,"minecraft:walk_on_water_one_cm":8693,"minecraft:total_world_time":57320,"minecraft:fall_one_cm":21114},"minecraft:killed_by":{"minecraft:creeper":1},"minecraft:mined":{"minecraft:crafting_table":5,"minecraft:granite":4,"minecraft:grass_block":7,"minecraft:copper_ore":3,"minecraft:tall_grass":1,"minecraft:wall_torch":1,"minecraft:furnace":2,"minecraft:iron_ore":10,"minecraft:andesite":24,"minecraft:grass":27,"minecraft:oak_log":83,"minecraft:pointed_dripstone":6,"minecraft:coal_ore":16,"minecraft:dripstone_block":2,"minecraft:dirt":21,"minecraft:stone":132,"minecraft:white_wool":2,"minecraft:oak_leaves":39},"minecraft:killed":{"minecraft:pig":2,"minecraft:sheep":13,"minecraft:cow":2},"minecraft:crafted":{"minecraft:cooked_beef":5,"minecraft:wooden_sword":1,"minecraft:oak_planks":52,"minecraft:crafting_table":2,"minecraft:wooden_pickaxe":2,"minecraft:furnace":2,"minecraft:cooked_mutton":14,"minecraft:charcoal":18,"minecraft:stick":28,"minecraft:iron_ingot":2,"minecraft:stone_pickaxe":2,"minecraft:wooden_axe":1,"minecraft:stone_sword":1,"minecraft:white_bed":1,"minecraft:torch":84},"minecraft:picked_up":{"minecraft:charcoal":15,"minecraft:crafting_table":5,"minecraft:andesite":24,"minecraft:leather":1,"minecraft:oak_log":82,"minecraft:dirt":28,"minecraft:raw_copper":12,"minecraft:apple":1,"minecraft:wheat_seeds":4,"minecraft:beef":5,"minecraft:oak_boat":1,"minecraft:furnace":2,"minecraft:stick":6,"minecraft:raw_iron":10,"minecraft:cooked_porkchop":4,"minecraft:torch":2,"minecraft:dripstone_block":2,"minecraft:porkchop":5,"minecraft:pointed_dripstone":15,"minecraft:granite":4,"minecraft:oak_sapling":6,"minecraft:black_wool":1,"minecraft:mutton":19,"minecraft:coal":29,"minecraft:white_wool":14,"minecraft:cobblestone":131},"minecraft:broken":{"minecraft:wooden_sword":1,"minecraft:wooden_pickaxe":1},"minecraft:dropped":{"minecraft:coal":13}},"DataVersion":3120}