{"stats":{"minecraft:killed_by":{"minecraft:zombie":1,"minecraft:player":1},"minecraft:mined":{"minecraft:grass":1,"minecraft:grass_block":3,"minecraft:oak_log":1},"minecraft:used":{"minecraft:torch":44},"minecraft:picked_up":{"minecraft:oak_log":1,"minecraft:dirt":3},"minecraft:custom":{"minecraft:jump":192,"minecraft:damage_taken":511,"minecraft:time_since_rest":17806,"minecraft:play_time":25854,"minecraft:walk_one_cm":21358,"minecraft:damage_dealt":10,"minecraft:leave_game":11,"minecraft:sprint_one_cm":32777,"minecraft:time_since_death":17341,"minecraft:deaths":2,"minecraft:total_world_time":25854,"minecraft:fall_one_cm":2206,"minecraft:fly_one_cm":72065}},"DataVersion":3120}