{"stats":{"minecraft:crafted":{"minecraft:oak_planks":12,"minecraft:stick":8,"minecraft:wooden_pickaxe":1,"minecraft:stone_pickaxe":1,"minecraft:stone_sword":1,"minecraft:stone_axe":1},"minecraft:killed_by":{"minecraft:zombie":1},"minecraft:killed":{"minecraft:zombie":1,"minecraft:spider":1},"minecraft:mined":{"minecraft:crafting_table":2,"minecraft:grass":6,"minecraft:coal_ore":17,"minecraft:grass_block":5,"minecraft:oak_log":5,"minecraft:stone":20,"minecraft:oak_leaves":7},"minecraft:used":{"minecraft:stone_sword":12,"minecraft:wooden_pickaxe":37,"minecraft:stone_axe":2,"minecraft:dirt":5,"minecraft:cobblestone":2,"minecraft:crafting_table":1},"minecraft:picked_up":{"minecraft:stick":2,"minecraft:crafting_table":2,"minecraft:wooden_pickaxe":1,"minecraft:oak_log":7,"minecraft:string":2,"minecraft:dirt":5,"minecraft:rotten_flesh":2,"minecraft:wheat_seeds":2,"minecraft:oak_sapling":8,"minecraft:oak_planks":9,"minecraft:coal":20,"minecraft:cobblestone":30},"minecraft:custom":{"minecraft:time_since_rest":7256,"minecraft:sprint_one_cm":57956,"minecraft:damage_taken":360,"minecraft:walk_one_cm":90076,"minecraft:mob_kills":2,"minecraft:damage_dealt":532,"minecraft:interact_with_crafting_table":2,"minecraft:fly_one_cm":37644,"minecraft:crouch_one_cm":897,"minecraft:play_time":27913,"minecraft:deaths":1,"minecraft:sneak_time":335,"minecraft:jump":296,"minecraft:leave_game":3,"minecraft:time_since_death":7236,"minecraft:walk_on_water_one_cm":740,"minecraft:total_world_time":27913,"minecraft:fall_one_cm":4081}},"DataVersion":3120}