{"stats":{"minecraft:crafted":{"minecraft:cooked_beef":4,"minecraft:wooden_sword":1,"minecraft:oak_door":3,"minecraft:oak_planks":96,"minecraft:cooked_porkchop":5,"minecraft:crafting_table":5,"minecraft:wooden_pickaxe":1,"minecraft:blue_bed":1,"minecraft:furnace":4,"minecraft:bone_meal":6,"minecraft:oak_wood":3,"minecraft:birch_planks":8,"minecraft:stone_axe":2,"minecraft:blue_dye":3,"minecraft:oak_boat":1,"minecraft:iron_chestplate":1,"minecraft:shield":2,"minecraft:stick":52,"minecraft:iron_ingot":10,"minecraft:stone_pickaxe":4,"minecraft:wooden_axe":1,"minecraft:blue_wool":3,"minecraft:stone_sword":2,"minecraft:torch":132},"minecraft:killed":{"minecraft:pig":7,"minecraft:spider":2,"minecraft:bat":1,"minecraft:sheep":4,"minecraft:skeleton":6,"minecraft:zombie":8,"minecraft:enderman":1,"minecraft:cow":3},"minecraft:dropped":{"minecraft:stone_axe":1,"minecraft:cobbled_deepslate":4,"minecraft:oak_log":6,"minecraft:stone_sword":1,"minecraft:dripstone_block":2,"minecraft:cooked_porkchop":3,"minecraft:pointed_dripstone":1,"minecraft:cobblestone":9,"minecraft:granite":1,"minecraft:dirt":5,"minecraft:shield":1,"minecraft:torch":1,"minecraft:brown_wool":1,"minecraft:oak_sapling":6,"minecraft:spider_eye":1,"minecraft:wooden_sword":2,"minecraft:wooden_pickaxe":1,"minecraft:stone_pickaxe":2},"minecraft:mined":{"minecraft:deepslate_diamond_ore":1,"minecraft:crafting_table":4,"minecraft:torch":3,"minecraft:granite":2,"minecraft:grass_block":2,"minecraft:deepslate_gold_ore":13,"minecraft:lapis_ore":1,"minecraft:oak_planks":3,"minecraft:diorite":10,"minecraft:blue_bed":1,"minecraft:wall_torch":1,"minecraft:furnace":2,"minecraft:iron_ore":18,"minecraft:andesite":26,"minecraft:deepslate_lapis_ore":11,"minecraft:bee_nest":1,"minecraft:pointed_dripstone":1,"minecraft:grass":7,"minecraft:oak_log":65,"minecraft:coal_ore":45,"minecraft:deepslate_iron_ore":24,"minecraft:dripstone_block":2,"minecraft:dirt":11,"minecraft:stone":269,"minecraft:gold_ore":2,"minecraft:deepslate":12,"minecraft:oak_leaves":8},"minecraft:broken":{"minecraft:stone_pickaxe":1,"minecraft:wooden_axe":1},"minecraft:used":{"minecraft:stone_sword":13,"minecraft:stone_pickaxe":207,"minecraft:oak_planks":22,"minecraft:shield":33,"minecraft:wooden_pickaxe":17,"minecraft:blue_bed":1,"minecraft:rotten_flesh":7,"minecraft:iron_chestplate":1,"minecraft:oak_door":3,"minecraft:torch":132,"minecraft:dirt":8,"minecraft:mutton":2,"minecraft:crafting_table":9,"minecraft:granite":1,"minecraft:wooden_axe":49,"minecraft:string":2,"minecraft:iron_pickaxe":221,"minecraft:gravel":3,"minecraft:stone_axe":69,"minecraft:wooden_sword":2,"minecraft:beef":1,"minecraft:porkchop":9,"minecraft:furnace":5,"minecraft:cooked_porkchop":2,"minecraft:oak_boat":2,"minecraft:cobbled_deepslate":20,"minecraft:cooked_beef":4,"minecraft:bone_meal":2},"minecraft:custom":{"minecraft:interact_with_furnace":16,"minecraft:mob_kills":32,"minecraft:interact_with_crafting_table":18,"minecraft:time_since_death":72000,"minecraft:sleep_in_bed":1,"minecraft:time_since_rest":2977,"minecraft:sprint_one_cm":163645,"minecraft:damage_taken":793,"minecraft:walk_one_cm":177501,"minecraft:damage_blocked_by_shield":1160,"minecraft:drop":30,"minecraft:damage_dealt":4620,"minecraft:swim_one_cm":3821,"minecraft:fly_one_cm":136789,"minecraft:crouch_one_cm":20164,"minecraft:play_time":72000,"minecraft:sneak_time":12980,"minecraft:walk_under_water_one_cm":8299,"minecraft:jump":1067,"minecraft:walk_on_water_one_cm":20843,"minecraft:total_world_time":72000,"minecraft:fall_one_cm":26315},"minecraft:picked_up":{"minecraft:birch_log":2,"minecraft:crafting_table":4,"minecraft:andesite":27,"minecraft:leather":5,"minecraft:brown_wool":1,"minecraft:oak_log":71,"minecraft:blue_bed":1,"minecraft:lapis_lazuli":89,"minecraft:dirt":13,"minecraft:string":3,"minecraft:wooden_sword":1,"minecraft:bone":5,"minecraft:wheat_seeds":1,"minecraft:cobbled_deepslate":24,"minecraft:raw_gold":15,"minecraft:beef":7,"minecraft:oak_boat":1,"minecraft:iron_pickaxe":1,"minecraft:oak_planks":3,"minecraft:furnace":1,"minecraft:raw_iron":42,"minecraft:torch":11,"minecraft:dripstone_block":2,"minecraft:gravel":3,"minecraft:porkchop":14,"minecraft:pointed_dripstone":1,"minecraft:diorite":10,"minecraft:spider_eye":1,"minecraft:arrow":3,"minecraft:rotten_flesh":7,"minecraft:diamond":1,"minecraft:granite":2,"minecraft:oak_sapling":6,"minecraft:mutton":5,"minecraft:coal":50,"minecraft:white_wool":3,"minecraft:cobblestone":267,"minecraft:ender_pearl":1}},"DataVersion":3120}