{"stats":{"minecraft:crafted":{"minecraft:oak_planks":8,"minecraft:crafting_table":1,"minecraft:stick":8},"minecraft:killed_by":{"minecraft:skeleton":1},"minecraft:killed":{"minecraft:skeleton":1,"minecraft:zombie":1},"minecraft:mined":{"minecraft:grass_block":4,"minecraft:oak_log":2,"minecraft:dirt":3},"minecraft:used":{"minecraft:dirt":1},"minecraft:picked_up":{"minecraft:bone":2,"minecraft:rotten_flesh":1,"minecraft:oak_log":2,"minecraft:dirt":7},"minecraft:custom":{"minecraft:time_since_rest":3047,"minecraft:deaths":1,"minecraft:crouch_one_cm":40,"minecraft:play_time":25265,"minecraft:sprint_one_cm":30503,"minecraft:damage_taken":310,"minecraft:walk_one_cm":61809,"minecraft:sneak_time":6778,"minecraft:walk_under_water_one_cm":11,"minecraft:mob_kills":2,"minecraft:jump":366,"minecraft:damage_dealt":416,"minecraft:leave_game":1,"minecraft:walk_on_water_one_cm":2750,"minecraft:time_since_death":3027,"minecraft:total_world_time":25265,"minecraft:swim_one_cm":2142,"minecraft:fall_one_cm":11438,"minecraft:fly_one_cm":31321}},"DataVersion":3120}