{"stats":{"minecraft:killed":{"minecraft:spider":1,"minecraft:zombie":2,"minecraft:pig":1},"minecraft:dropped":{"minecraft:spider_eye":1},"minecraft:mined":{"minecraft:grass":5,"minecraft:grass_block":1,"minecraft:oak_log":1,"minecraft:dirt":4},"minecraft:used":{"minecraft:dirt":1,"minecraft:porkchop":1,"minecraft:string":2},"minecraft:picked_up":{"minecraft:porkchop":1,"minecraft:oak_log":1,"minecraft:dirt":5,"minecraft:spider_eye":1,"minecraft:string":2},"minecraft:custom":{"minecraft:time_since_rest":6000,"minecraft:play_time":6000,"minecraft:crouch_one_cm":34,"minecraft:sprint_one_cm":19546,"minecraft:damage_taken":90,"minecraft:walk_one_cm":21410,"minecraft:sneak_time":45,"minecraft:mob_kills":4,"minecraft:drop":1,"minecraft:jump":196,"minecraft:damage_dealt":633,"minecraft:time_since_death":6000,"minecraft:walk_on_water_one_cm":593,"minecraft:total_world_time":6000,"minecraft:fall_one_cm":2328,"minecraft:fly_one_cm":28882}},"DataVersion":3120}