{"stats":{"minecraft:crafted":{"minecraft:oak_planks":56,"minecraft:crafting_table":5,"minecraft:wooden_pickaxe":2,"minecraft:furnace":2,"minecraft:stone_axe":2,"minecraft:bread":1,"minecraft:iron_boots":1,"minecraft:shield":2,"minecraft:stick":60,"minecraft:iron_ingot":7,"minecraft:iron_pickaxe":2,"minecraft:stone_pickaxe":3,"minecraft:stone_sword":2,"minecraft:torch":156},"minecraft:killed":{"minecraft:pig":10,"minecraft:iron_golem":1,"minecraft:sheep":1,"minecraft:skeleton":1,"minecraft:zombie":7,"minecraft:cow":12},"minecraft:dropped":{"minecraft:tuff":9,"minecraft:granite":8,"minecraft:diorite":24,"minecraft:andesite":4,"minecraft:wooden_pickaxe":1,"minecraft:stone_pickaxe":1,"minecraft:white_wool":1},"minecraft:mined":{"minecraft:tuff":27,"minecraft:deepslate_diamond_ore":2,"minecraft:clay":15,"minecraft:oak_fence":3,"minecraft:crafting_table":6,"minecraft:torch":1,"minecraft:granite":13,"minecraft:grass_block":2,"minecraft:copper_ore":3,"minecraft:cobblestone":8,"minecraft:lapis_ore":2,"minecraft:sugar_cane":7,"minecraft:oak_planks":26,"minecraft:diorite":31,"minecraft:wall_torch":2,"minecraft:deepslate_copper_ore":1,"minecraft:spawner":2,"minecraft:hay_block":14,"minecraft:furnace":3,"minecraft:andesite":11,"minecraft:grass":2,"minecraft:bookshelf":4,"minecraft:oak_log":24,"minecraft:coal_ore":49,"minecraft:deepslate_iron_ore":7,"minecraft:gravel":3,"minecraft:dripstone_block":3,"minecraft:dirt":7,"minecraft:stone":149,"minecraft:oak_leaves":6,"minecraft:deepslate":98},"minecraft:broken":{"minecraft:stone_pickaxe":1},"minecraft:used":{"minecraft:stone_sword":86,"minecraft:stone_pickaxe":203,"minecraft:oak_planks":6,"minecraft:wooden_pickaxe":50,"minecraft:shield":79,"minecraft:rotten_flesh":11,"minecraft:torch":118,"minecraft:dirt":2,"minecraft:mutton":1,"minecraft:crafting_table":7,"minecraft:dripstone_block":3,"minecraft:tuff":15,"minecraft:bread":3,"minecraft:iron_pickaxe":170,"minecraft:stone_axe":88,"minecraft:cobblestone":32,"minecraft:beef":20,"minecraft:furnace":3,"minecraft:porkchop":3},"minecraft:custom":{"minecraft:interact_with_furnace":16,"minecraft:mob_kills":32,"minecraft:interact_with_crafting_table":20,"minecraft:leave_game":3,"minecraft:time_since_death":34457,"minecraft:climb_one_cm":97,"minecraft:time_since_rest":34477,"minecraft:sprint_one_cm":264986,"minecraft:damage_taken":1017,"minecraft:walk_one_cm":113203,"minecraft:damage_blocked_by_shield":1975,"minecraft:drop":7,"minecraft:damage_dealt":5032,"minecraft:swim_one_cm":10721,"minecraft:fly_one_cm":151352,"minecraft:open_chest":13,"minecraft:crouch_one_cm":3354,"minecraft:play_time":63757,"minecraft:deaths":1,"minecraft:sneak_time":2981,"minecraft:walk_under_water_one_cm":2596,"minecraft:jump":902,"minecraft:walk_on_water_one_cm":6061,"minecraft:total_world_time":63757,"minecraft:fall_one_cm":22426},"minecraft:picked_up":{"minecraft:crafting_table":6,"minecraft:clay_ball":60,"minecraft:andesite":11,"minecraft:leather":14,"minecraft:potato":1,"minecraft:tuff":27,"minecraft:oak_log":24,"minecraft:lapis_lazuli":12,"minecraft:dirt":9,"minecraft:raw_copper":16,"minecraft:cobbled_deepslate":95,"minecraft:iron_ingot":5,"minecraft:beef":25,"minecraft:sugar_cane":19,"minecraft:oak_planks":25,"minecraft:furnace":3,"minecraft:book":12,"minecraft:stick":2,"minecraft:raw_iron":7,"minecraft:oak_fence":4,"minecraft:torch":5,"minecraft:dripstone_block":3,"minecraft:gravel":3,"minecraft:porkchop":20,"minecraft:diorite":31,"minecraft:arrow":1,"minecraft:rotten_flesh":6,"minecraft:diamond":2,"minecraft:hay_block":14,"minecraft:granite":13,"minecraft:oak_sapling":1,"minecraft:mutton":1,"minecraft:coal":49,"minecraft:white_wool":1,"minecraft:cobblestone":149}},"DataVersion":3120}