{"stats":{"minecraft:picked_up":{"minecraft:leather":2,"minecraft:torch":2,"minecraft:gravel":3,"minecraft:oak_log":25,"minecraft:dirt":1,"minecraft:bone":1,"minecraft:arrow":2,"minecraft:beef":2,"minecraft:oak_sapling":1,"minecraft:mutton":3,"minecraft:coal":29,"minecraft:white_wool":2,"minecraft:cobblestone":88},"minecraft:killed":{"minecraft:sheep":2,"minecraft:skeleton":1,"minecraft:cow":2},"minecraft:custom":{"minecraft:time_since_rest":4087,"minecraft:sprint_one_cm":49197,"minecraft:damage_taken":390,"minecraft:walk_one_cm":34437,"minecraft:mob_kills":5,"minecraft:damage_dealt":560,"minecraft:interact_with_crafting_table":4,"minecraft:fly_one_cm":35364,"minecraft:crouch_one_cm":2115,"minecraft:play_time":19759,"minecraft:deaths":1,"minecraft:sneak_time":1837,"minecraft:walk_under_water_one_cm":3175,"minecraft:jump":278,"minecraft:leave_game":1,"minecraft:walk_on_water_one_cm":1699,"minecraft:time_since_death":4067,"minecraft:total_world_time":19759,"minecraft:fall_one_cm":11139},"minecraft:mined":{"minecraft:grass":4,"minecraft:oak_log":25,"minecraft:coal_ore":29,"minecraft:gravel":3,"minecraft:dirt":1,"minecraft:stone":91,"minecraft:oak_leaves":6,"minecraft:wall_torch":1},"minecraft:crafted":{"minecraft:oak_planks":76,"minecraft:crafting_table":2,"minecraft:stick":16,"minecraft:wooden_pickaxe":1,"minecraft:oak_pressure_plate":1,"minecraft:stone_pickaxe":1,"minecraft:wooden_axe":1,"minecraft:stone_sword":1,"minecraft:furnace":1,"minecraft:torch":28,"minecraft:stone_axe":1},"minecraft:broken":{"minecraft:wooden_pickaxe":1},"minecraft:used":{"minecraft:wooden_axe":16,"minecraft:stone_sword":18,"minecraft:stone_pickaxe":65,"minecraft:wooden_pickaxe":59,"minecraft:oak_pressure_plate":1,"minecraft:torch":17,"minecraft:cobblestone":49,"minecraft:crafting_table":2}},"DataVersion":3120}