{"stats":{"minecraft:used":{"minecraft:oak_log":31,"minecraft:oak_fence":8,"minecraft:glass":26,"minecraft:water_bucket":43,"minecraft:netherite_block":38,"minecraft:sea_lantern":16,"minecraft:enchanting_table":4,"minecraft:bookshelf":22,"minecraft:grass_block":88,"minecraft:lantern":16,"minecraft:armor_stand":5,"minecraft:spruce_slab":101,"minecraft:oak_planks":1,"minecraft:black_carpet":16,"minecraft:spruce_planks":34,"minecraft:stone":47,"minecraft:smooth_quartz":46,"minecraft:beacon":3,"minecraft:quartz_stairs":13,"minecraft:flowering_azalea_leaves":63,"minecraft:soul_lantern":2,"minecraft:red_carpet":22,"minecraft:vine":13,"minecraft:spruce_stairs":36,"minecraft:skeleton_skull":2,"minecraft:smooth_stone_slab":18,"minecraft:spruce_fence":6},"minecraft:custom":{"minecraft:time_since_rest":84980,"minecraft:sprint_one_cm":33557,"minecraft:damage_taken":240,"minecraft:walk_one_cm":218336,"minecraft:drop":12,"minecraft:interact_with_beacon":4,"minecraft:fly_one_cm":216306,"minecraft:crouch_one_cm":12833,"minecraft:play_time":86778,"minecraft:deaths":1,"minecraft:sneak_time":3015,"minecraft:jump":429,"minecraft:leave_game":6,"minecraft:walk_on_water_one_cm":1153,"minecraft:time_since_death":84960,"minecraft:total_world_time":86778,"minecraft:fall_one_cm":418},"minecraft:picked_up":{"minecraft:azure_bluet":1,"minecraft:torch":1,"minecraft:dandelion":8,"minecraft:cornflower":1,"minecraft:dirt":1,"minecraft:tnt":1,"minecraft:wheat_seeds":4,"minecraft:oxeye_daisy":3},"minecraft:dropped":{"minecraft:oxeye_daisy":3,"minecraft:dirt":1,"minecraft:wheat_seeds":4,"minecraft:torch":1,"minecraft:cornflower":1,"minecraft:lantern":64,"minecraft:azure_bluet":1,"minecraft:grass_block":1,"minecraft:dandelion":8}},"DataVersion":3120}