{"stats":{"minecraft:killed":{"minecraft:skeleton":1,"minecraft:zombie":5},"minecraft:picked_up":{"minecraft:crafting_table":1,"minecraft:stick":2,"minecraft:andesite":7,"minecraft:torch":2,"minecraft:potato":1,"minecraft:dripstone_block":2,"minecraft:gravel":3,"minecraft:tuff":15,"minecraft:oak_log":4,"minecraft:diorite":7,"minecraft:dirt":7,"minecraft:raw_copper":8,"minecraft:arrow":1,"minecraft:rotten_flesh":4,"minecraft:cobbled_deepslate":38,"minecraft:granite":5,"minecraft:oak_sapling":1,"minecraft:oak_planks":20,"minecraft:coal":21,"minecraft:cobblestone":80},"minecraft:custom":{"minecraft:time_since_rest":20299,"minecraft:sprint_one_cm":70259,"minecraft:damage_taken":255,"minecraft:walk_one_cm":54050,"minecraft:mob_kills":6,"minecraft:damage_dealt":1127,"minecraft:interact_with_crafting_table":6,"minecraft:fly_one_cm":9109,"minecraft:open_chest":8,"minecraft:crouch_one_cm":626,"minecraft:play_time":20299,"minecraft:sneak_time":1059,"minecraft:jump":117,"minecraft:leave_game":2,"minecraft:walk_on_water_one_cm":37,"minecraft:time_since_death":20299,"minecraft:total_world_time":20299,"minecraft:fall_one_cm":1928},"minecraft:crafted":{"minecraft:oak_planks":16,"minecraft:crafting_table":2,"minecraft:stick":28,"minecraft:wooden_pickaxe":1,"minecraft:stone_pickaxe":2,"minecraft:stone_sword":1,"minecraft:torch":84,"minecraft:stone_axe":1,"minecraft:bread":1},"minecraft:mined":{"minecraft:tuff":15,"minecraft:andesite":7,"minecraft:torch":1,"minecraft:crafting_table":1,"minecraft:granite":5,"minecraft:oak_log":4,"minecraft:coal_ore":21,"minecraft:dripstone_block":2,"minecraft:gravel":3,"minecraft:dirt":7,"minecraft:copper_ore":1,"minecraft:cobblestone":8,"minecraft:stone":72,"minecraft:oak_planks":22,"minecraft:wall_torch":1,"minecraft:diorite":7,"minecraft:oak_leaves":4,"minecraft:deepslate":41,"minecraft:spawner":2,"minecraft:deepslate_copper_ore":1},"minecraft:broken":{"minecraft:stone_pickaxe":1},"minecraft:used":{"minecraft:stone_sword":42,"minecraft:bread":2,"minecraft:stone_pickaxe":153,"minecraft:wooden_pickaxe":39,"minecraft:rotten_flesh":4,"minecraft:stone_axe":23,"minecraft:torch":75,"minecraft:cobblestone":17,"minecraft:crafting_table":2,"minecraft:tuff":15}},"DataVersion":3120}