{"stats":{"minecraft:custom":{"minecraft:jump":135,"minecraft:damage_taken":511,"minecraft:time_since_rest":4565,"minecraft:play_time":12613,"minecraft:walk_one_cm":11615,"minecraft:damage_dealt":10,"minecraft:leave_game":9,"minecraft:sprint_one_cm":21351,"minecraft:time_since_death":4100,"minecraft:deaths":2,"minecraft:total_world_time":12613,"minecraft:fall_one_cm":2206,"minecraft:fly_one_cm":37941},"minecraft:killed_by":{"minecraft:zombie":1,"minecraft:player":1},"minecraft:mined":{"minecraft:grass":1,"minecraft:grass_block":3,"minecraft:oak_log":1},"minecraft:picked_up":{"minecraft:oak_log":1,"minecraft:dirt":3}},"DataVersion":3120}