{"stats":{"minecraft:crafted":{"minecraft:wooden_sword":1,"minecraft:oak_planks":12,"minecraft:cooked_porkchop":3,"minecraft:crafting_table":2,"minecraft:stick":44,"minecraft:wooden_pickaxe":1,"minecraft:furnace":1,"minecraft:torch":96,"minecraft:birch_planks":24},"minecraft:killed_by":{"minecraft:skeleton":1},"minecraft:killed":{"minecraft:sheep":1,"minecraft:skeleton":1,"minecraft:zombie":2,"minecraft:pig":2,"minecraft:chicken":1,"minecraft:cow":3},"minecraft:mined":{"minecraft:furnace":1,"minecraft:birch_log":11,"minecraft:granite":16,"minecraft:grass":4,"minecraft:coal_ore":43,"minecraft:grass_block":9,"minecraft:oak_log":3,"minecraft:dirt":13,"minecraft:stone":66,"minecraft:diorite":6,"minecraft:oak_leaves":1},"minecraft:broken":{"minecraft:stone_pickaxe":1,"minecraft:wooden_sword":1},"minecraft:used":{"minecraft:stone_sword":13,"minecraft:birch_planks":1,"minecraft:stone_pickaxe":126,"minecraft:chicken":1,"minecraft:wooden_pickaxe":6,"minecraft:stone_axe":2,"minecraft:torch":10,"minecraft:wooden_sword":56,"minecraft:dirt":6,"minecraft:beef":4,"minecraft:crafting_table":1,"minecraft:oak_sapling":1,"minecraft:cooked_porkchop":4,"minecraft:furnace":1,"minecraft:porkchop":2,"minecraft:birch_log":2},"minecraft:custom":{"minecraft:time_since_rest":27047,"minecraft:interact_with_furnace":9,"minecraft:sprint_one_cm":106891,"minecraft:damage_taken":785,"minecraft:walk_one_cm":122768,"minecraft:mob_kills":10,"minecraft:damage_dealt":1600,"minecraft:swim_one_cm":3108,"minecraft:interact_with_crafting_table":5,"minecraft:fly_one_cm":75675,"minecraft:crouch_one_cm":40,"minecraft:play_time":49265,"minecraft:sneak_time":6785,"minecraft:deaths":1,"minecraft:walk_under_water_one_cm":177,"minecraft:jump":673,"minecraft:leave_game":1,"minecraft:time_since_death":27027,"minecraft:walk_on_water_one_cm":4617,"minecraft:total_world_time":49265,"minecraft:fall_one_cm":18265},"minecraft:picked_up":{"minecraft:birch_log":9,"minecraft:feather":2,"minecraft:chicken":1,"minecraft:cooked_porkchop":3,"minecraft:leather":5,"minecraft:porkchop":5,"minecraft:oak_log":3,"minecraft:diorite":6,"minecraft:dirt":22,"minecraft:wooden_sword":1,"minecraft:stone_sword":1,"minecraft:bone":2,"minecraft:rotten_flesh":3,"minecraft:stone_axe":1,"minecraft:wheat_seeds":2,"minecraft:granite":16,"minecraft:beef":4,"minecraft:stone_pickaxe":1,"minecraft:oak_sapling":5,"minecraft:mutton":1,"minecraft:coal":43,"minecraft:white_wool":1,"minecraft:cobblestone":78,"minecraft:furnace":2}},"DataVersion":3120}