{"stats":{"minecraft:crafted":{"minecraft:oak_planks":16,"minecraft:crafting_table":1,"minecraft:stick":4,"minecraft:wooden_pickaxe":1},"minecraft:killed":{"minecraft:cow":1},"minecraft:dropped":{"minecraft:wheat_seeds":1},"minecraft:mined":{"minecraft:grass":52,"minecraft:oak_log":4,"minecraft:tall_grass":3,"minecraft:oak_leaves":2,"minecraft:crafting_table":1,"minecraft:torch":12},"minecraft:used":{"minecraft:beef":2,"minecraft:crafting_table":1,"minecraft:wooden_pickaxe":9},"minecraft:picked_up":{"minecraft:crafting_table":1,"minecraft:wheat_seeds":6,"minecraft:torch":12,"minecraft:beef":2,"minecraft:oak_log":4},"minecraft:custom":{"minecraft:time_since_rest":28437,"minecraft:crouch_one_cm":490,"minecraft:sprint_one_cm":32479,"minecraft:play_time":28437,"minecraft:damage_taken":10,"minecraft:walk_one_cm":27350,"minecraft:sneak_time":981,"minecraft:mob_kills":1,"minecraft:drop":1,"minecraft:jump":175,"minecraft:damage_dealt":180,"minecraft:leave_game":4,"minecraft:walk_on_water_one_cm":2778,"minecraft:time_since_death":28437,"minecraft:total_world_time":28437,"minecraft:interact_with_crafting_table":2,"minecraft:fall_one_cm":3727,"minecraft:fly_one_cm":23676}},"DataVersion":3120}