{"stats":{"minecraft:crafted":{"minecraft:cooked_beef":1,"minecraft:oak_planks":16,"minecraft:crafting_table":1,"minecraft:stick":12,"minecraft:wooden_pickaxe":1,"minecraft:stone_pickaxe":1,"minecraft:stone_sword":1,"minecraft:furnace":1,"minecraft:stone_axe":1},"minecraft:killed":{"minecraft:cow":2},"minecraft:dropped":{"minecraft:wheat_seeds":1},"minecraft:mined":{"minecraft:crafting_table":1,"minecraft:torch":12,"minecraft:grass":52,"minecraft:oak_log":4,"minecraft:coal_ore":1,"minecraft:tall_grass":3,"minecraft:stone":31,"minecraft:oak_leaves":2},"minecraft:used":{"minecraft:stone_pickaxe":6,"minecraft:wooden_pickaxe":40,"minecraft:torch":1,"minecraft:cobblestone":3,"minecraft:beef":2,"minecraft:crafting_table":2,"minecraft:furnace":1,"minecraft:cooked_beef":1},"minecraft:picked_up":{"minecraft:crafting_table":1,"minecraft:leather":2,"minecraft:torch":12,"minecraft:oak_log":4,"minecraft:wheat_seeds":6,"minecraft:beef":4,"minecraft:coal":1,"minecraft:cobblestone":31},"minecraft:custom":{"minecraft:time_since_rest":32618,"minecraft:interact_with_furnace":2,"minecraft:sprint_one_cm":33207,"minecraft:damage_taken":10,"minecraft:walk_one_cm":32423,"minecraft:mob_kills":2,"minecraft:drop":1,"minecraft:damage_dealt":280,"minecraft:interact_with_crafting_table":4,"minecraft:fly_one_cm":24944,"minecraft:crouch_one_cm":572,"minecraft:play_time":32618,"minecraft:sneak_time":1103,"minecraft:jump":198,"minecraft:leave_game":5,"minecraft:time_since_death":32618,"minecraft:walk_on_water_one_cm":2778,"minecraft:total_world_time":32618,"minecraft:fall_one_cm":4261}},"DataVersion":3120}