{"stats":{"minecraft:crafted":{"minecraft:wooden_sword":1,"minecraft:oak_door":3,"minecraft:oak_planks":96,"minecraft:furnace":4,"minecraft:bone_meal":6,"minecraft:iron_boots":1,"minecraft:iron_axe":1,"minecraft:stone_pickaxe":4,"minecraft:cooked_beef":15,"minecraft:cooked_porkchop":5,"minecraft:crafting_table":5,"minecraft:wooden_pickaxe":1,"minecraft:iron_helmet":1,"minecraft:iron_sword":1,"minecraft:blue_bed":1,"minecraft:bucket":1,"minecraft:oak_wood":3,"minecraft:birch_planks":8,"minecraft:stone_axe":2,"minecraft:blue_dye":3,"minecraft:oak_boat":1,"minecraft:iron_chestplate":1,"minecraft:shield":2,"minecraft:stick":60,"minecraft:iron_ingot":42,"minecraft:iron_pickaxe":1,"minecraft:wooden_axe":1,"minecraft:stone_sword":2,"minecraft:blue_wool":3,"minecraft:iron_leggings":1,"minecraft:torch":132},"minecraft:killed":{"minecraft:spider":2,"minecraft:skeleton":6,"minecraft:pig":7,"minecraft:bat":1,"minecraft:creeper":1,"minecraft:sheep":7,"minecraft:pillager":31,"minecraft:zombie":9,"minecraft:cow":9,"minecraft:enderman":1},"minecraft:dropped":{"minecraft:wheat_seeds":2,"minecraft:oak_log":6,"minecraft:dripstone_block":2,"minecraft:cooked_porkchop":3,"minecraft:crossbow":2,"minecraft:cobblestone":9,"minecraft:granite":1,"minecraft:dirt":6,"minecraft:diorite":10,"minecraft:dark_oak_fence":2,"minecraft:torch":1,"minecraft:brown_wool":1,"minecraft:wooden_sword":2,"minecraft:iron_pickaxe":1,"minecraft:string":1,"minecraft:stone_axe":2,"minecraft:stone_sword":2,"minecraft:cobbled_deepslate":4,"minecraft:pointed_dripstone":1,"minecraft:rotten_flesh":2,"minecraft:oak_planks":1,"minecraft:shield":1,"minecraft:andesite":27,"minecraft:pink_wool":1,"minecraft:oak_sapling":6,"minecraft:spider_eye":1,"minecraft:stone_pickaxe":3,"minecraft:wooden_pickaxe":1},"minecraft:mined":{"minecraft:deepslate_diamond_ore":1,"minecraft:granite":2,"minecraft:grass_block":3,"minecraft:furnace":5,"minecraft:iron_ore":18,"minecraft:andesite":26,"minecraft:deepslate_lapis_ore":11,"minecraft:pointed_dripstone":1,"minecraft:deepslate_iron_ore":24,"minecraft:stone":270,"minecraft:crafting_table":5,"minecraft:torch":3,"minecraft:lapis_ore":1,"minecraft:deepslate_gold_ore":13,"minecraft:sugar_cane":5,"minecraft:oak_planks":3,"minecraft:diorite":10,"minecraft:wall_torch":1,"minecraft:blue_bed":2,"minecraft:bee_nest":1,"minecraft:grass":12,"minecraft:coal_ore":45,"minecraft:oak_log":75,"minecraft:dirt":11,"minecraft:dripstone_block":2,"minecraft:gold_ore":2,"minecraft:oak_leaves":9,"minecraft:deepslate":12},"minecraft:broken":{"minecraft:stone_pickaxe":1,"minecraft:wooden_axe":1},"minecraft:used":{"minecraft:stone_sword":13,"minecraft:shield":67,"minecraft:iron_sword":78,"minecraft:rotten_flesh":7,"minecraft:iron_chestplate":1,"minecraft:oak_door":3,"minecraft:torch":132,"minecraft:dirt":8,"minecraft:mutton":2,"minecraft:granite":1,"minecraft:wooden_axe":49,"minecraft:iron_axe":46,"minecraft:iron_helmet":1,"minecraft:iron_boots":1,"minecraft:beef":1,"minecraft:furnace":6,"minecraft:cooked_beef":12,"minecraft:cobbled_deepslate":20,"minecraft:iron_leggings":1,"minecraft:water_bucket":3,"minecraft:oak_planks":22,"minecraft:stone_pickaxe":207,"minecraft:wooden_pickaxe":17,"minecraft:blue_bed":2,"minecraft:crafting_table":9,"minecraft:crossbow":4,"minecraft:string":2,"minecraft:iron_pickaxe":225,"minecraft:gravel":3,"minecraft:stone_axe":71,"minecraft:wooden_sword":2,"minecraft:cobblestone":14,"minecraft:cooked_porkchop":2,"minecraft:porkchop":9,"minecraft:bucket":4,"minecraft:oak_boat":2,"minecraft:bone_meal":2},"minecraft:custom":{"minecraft:mob_kills":74,"minecraft:interact_with_crafting_table":29,"minecraft:leave_game":1,"minecraft:time_since_death":101157,"minecraft:climb_one_cm":73,"minecraft:sprint_one_cm":233718,"minecraft:walk_one_cm":237671,"minecraft:damage_blocked_by_shield":2450,"minecraft:drop":46,"minecraft:play_time":101157,"minecraft:sneak_time":18647,"minecraft:walk_under_water_one_cm":8338,"minecraft:jump":1565,"minecraft:walk_on_water_one_cm":33036,"minecraft:total_world_time":101157,"minecraft:interact_with_furnace":32,"minecraft:sleep_in_bed":2,"minecraft:time_since_rest":12033,"minecraft:damage_taken":1318,"minecraft:damage_dealt":12340,"minecraft:fly_one_cm":248695,"minecraft:swim_one_cm":3821,"minecraft:crouch_one_cm":36525,"minecraft:fall_one_cm":36961},"minecraft:picked_up":{"minecraft:crafting_table":5,"minecraft:pink_wool":1,"minecraft:string":3,"minecraft:wooden_sword":1,"minecraft:cobbled_deepslate":24,"minecraft:beef":20,"minecraft:oak_boat":1,"minecraft:iron_pickaxe":1,"minecraft:sugar_cane":13,"minecraft:furnace":4,"minecraft:raw_iron":42,"minecraft:torch":11,"minecraft:porkchop":14,"minecraft:pointed_dripstone":1,"minecraft:diorite":10,"minecraft:arrow":3,"minecraft:rotten_flesh":9,"minecraft:mutton":9,"minecraft:white_wool":5,"minecraft:cobblestone":267,"minecraft:birch_log":2,"minecraft:cooked_beef":1,"minecraft:andesite":27,"minecraft:brown_wool":1,"minecraft:leather":11,"minecraft:oak_log":81,"minecraft:gunpowder":2,"minecraft:dirt":14,"minecraft:lapis_lazuli":89,"minecraft:blue_bed":2,"minecraft:bone":5,"minecraft:wheat_seeds":2,"minecraft:raw_gold":15,"minecraft:oak_planks":3,"minecraft:dripstone_block":2,"minecraft:gravel":3,"minecraft:spider_eye":1,"minecraft:diamond":1,"minecraft:crossbow":3,"minecraft:granite":2,"minecraft:dark_oak_fence":2,"minecraft:oak_sapling":6,"minecraft:coal":54,"minecraft:ender_pearl":1}},"DataVersion":3120}