{"stats":{"minecraft:crafted":{"minecraft:cooked_beef":4,"minecraft:wooden_sword":1,"minecraft:oak_door":3,"minecraft:oak_planks":84,"minecraft:cooked_porkchop":5,"minecraft:crafting_table":2,"minecraft:wooden_pickaxe":1,"minecraft:furnace":2,"minecraft:bone_meal":6,"minecraft:birch_planks":8,"minecraft:stone_axe":2,"minecraft:stick":36,"minecraft:stone_pickaxe":4,"minecraft:wooden_axe":1,"minecraft:stone_sword":2,"minecraft:torch":20},"minecraft:killed":{"minecraft:pig":6,"minecraft:spider":1,"minecraft:sheep":3,"minecraft:skeleton":2,"minecraft:zombie":2,"minecraft:cow":2},"minecraft:dropped":{"minecraft:stone_axe":1,"minecraft:oak_log":6,"minecraft:stone_sword":1,"minecraft:cooked_porkchop":3,"minecraft:cobblestone":9,"minecraft:oak_sapling":4,"minecraft:spider_eye":1,"minecraft:wooden_sword":2,"minecraft:stone_pickaxe":1},"minecraft:mined":{"minecraft:crafting_table":3,"minecraft:torch":2,"minecraft:grass_block":2,"minecraft:oak_planks":2,"minecraft:wall_torch":1,"minecraft:furnace":2,"minecraft:bee_nest":1,"minecraft:grass":6,"minecraft:oak_log":53,"minecraft:coal_ore":9,"minecraft:dirt":6,"minecraft:stone":142,"minecraft:oak_leaves":7},"minecraft:broken":{"minecraft:stone_pickaxe":1,"minecraft:wooden_axe":1},"minecraft:used":{"minecraft:stone_sword":2,"minecraft:stone_pickaxe":137,"minecraft:oak_planks":3,"minecraft:wooden_pickaxe":17,"minecraft:oak_door":3,"minecraft:torch":10,"minecraft:dirt":8,"minecraft:crafting_table":5,"minecraft:wooden_axe":49,"minecraft:string":2,"minecraft:stone_axe":28,"minecraft:wooden_sword":2,"minecraft:porkchop":6,"minecraft:furnace":3,"minecraft:cooked_porkchop":2,"minecraft:cooked_beef":1,"minecraft:bone_meal":2},"minecraft:custom":{"minecraft:interact_with_furnace":8,"minecraft:mob_kills":16,"minecraft:interact_with_crafting_table":11,"minecraft:time_since_death":30000,"minecraft:time_since_rest":30000,"minecraft:sprint_one_cm":69107,"minecraft:damage_taken":293,"minecraft:walk_one_cm":83188,"minecraft:drop":15,"minecraft:damage_dealt":1920,"minecraft:swim_one_cm":1066,"minecraft:fly_one_cm":77750,"minecraft:crouch_one_cm":1018,"minecraft:play_time":30000,"minecraft:sneak_time":629,"minecraft:walk_under_water_one_cm":26,"minecraft:jump":449,"minecraft:walk_on_water_one_cm":2405,"minecraft:total_world_time":30000,"minecraft:fall_one_cm":8179},"minecraft:picked_up":{"minecraft:birch_log":2,"minecraft:crafting_table":3,"minecraft:leather":4,"minecraft:brown_wool":1,"minecraft:oak_log":59,"minecraft:dirt":8,"minecraft:string":2,"minecraft:wooden_sword":1,"minecraft:bone":2,"minecraft:beef":4,"minecraft:oak_planks":2,"minecraft:furnace":1,"minecraft:torch":3,"minecraft:porkchop":11,"minecraft:spider_eye":1,"minecraft:arrow":2,"minecraft:oak_sapling":6,"minecraft:mutton":3,"minecraft:coal":10,"minecraft:white_wool":2,"minecraft:cobblestone":141}},"DataVersion":3120}