{"stats":{"minecraft:dropped":{"minecraft:wheat_seeds":1},"minecraft:mined":{"minecraft:tall_grass":3,"minecraft:grass":52,"minecraft:torch":12},"minecraft:picked_up":{"minecraft:torch":12,"minecraft:wheat_seeds":6},"minecraft:custom":{"minecraft:jump":122,"minecraft:time_since_rest":22746,"minecraft:damage_dealt":38,"minecraft:damage_taken":10,"minecraft:crouch_one_cm":490,"minecraft:play_time":22746,"minecraft:leave_game":2,"minecraft:sprint_one_cm":27176,"minecraft:walk_on_water_one_cm":167,"minecraft:time_since_death":22746,"minecraft:walk_one_cm":20890,"minecraft:sneak_time":981,"minecraft:total_world_time":22746,"minecraft:drop":1,"minecraft:fall_one_cm":2682,"minecraft:fly_one_cm":21579}},"DataVersion":3120}