{"stats":{"minecraft:killed_by":{"minecraft:player":1},"minecraft:mined":{"minecraft:grass_block":3,"minecraft:oak_log":1,"minecraft:grass":1},"minecraft:picked_up":{"minecraft:oak_log":1,"minecraft:dirt":3},"minecraft:custom":{"minecraft:jump":73,"minecraft:time_since_rest":3664,"minecraft:damage_dealt":10,"minecraft:damage_taken":261,"minecraft:play_time":6476,"minecraft:leave_game":5,"minecraft:sprint_one_cm":10196,"minecraft:walk_one_cm":9244,"minecraft:time_since_death":3644,"minecraft:deaths":1,"minecraft:total_world_time":6476,"minecraft:fall_one_cm":1312,"minecraft:fly_one_cm":13881}},"DataVersion":3120}