{"stats":{"minecraft:crafted":{"minecraft:oak_planks":12,"minecraft:wooden_pickaxe":1},"minecraft:killed":{"minecraft:spider":1,"minecraft:zombie":1},"minecraft:mined":{"minecraft:coal_ore":1,"minecraft:grass":4,"minecraft:grass_block":5,"minecraft:oak_log":5,"minecraft:stone":4,"minecraft:oak_leaves":7,"minecraft:crafting_table":1},"minecraft:used":{"minecraft:dirt":5,"minecraft:crafting_table":1,"minecraft:wooden_pickaxe":5},"minecraft:picked_up":{"minecraft:crafting_table":1,"minecraft:stick":2,"minecraft:rotten_flesh":1,"minecraft:wheat_seeds":1,"minecraft:oak_log":5,"minecraft:oak_sapling":4,"minecraft:coal":1,"minecraft:dirt":5,"minecraft:string":1,"minecraft:cobblestone":4},"minecraft:custom":{"minecraft:time_since_rest":19421,"minecraft:crouch_one_cm":897,"minecraft:play_time":19421,"minecraft:sprint_one_cm":47819,"minecraft:damage_taken":120,"minecraft:walk_one_cm":73286,"minecraft:sneak_time":335,"minecraft:mob_kills":2,"minecraft:jump":208,"minecraft:damage_dealt":338,"minecraft:leave_game":2,"minecraft:walk_on_water_one_cm":740,"minecraft:time_since_death":19421,"minecraft:total_world_time":19421,"minecraft:interact_with_crafting_table":1,"minecraft:fall_one_cm":2870,"minecraft:fly_one_cm":27959}},"DataVersion":3120}