{"stats":{"minecraft:crafted":{"minecraft:cooked_beef":3,"minecraft:oak_planks":20,"minecraft:cooked_porkchop":4,"minecraft:crafting_table":2,"minecraft:iron_sword":1,"minecraft:bread":97,"minecraft:iron_chestplate":1,"minecraft:stick":28,"minecraft:iron_ingot":1,"minecraft:chest":1,"minecraft:dark_oak_planks":8,"minecraft:torch":100,"minecraft:wheat":279},"minecraft:killed":{"minecraft:pig":2,"minecraft:spider":2,"minecraft:iron_golem":2,"minecraft:skeleton":2,"minecraft:sheep":12,"minecraft:pillager":1,"minecraft:zombie":2,"minecraft:chicken":9,"minecraft:cow":3},"minecraft:dropped":{"minecraft:gravel":1,"minecraft:wheat_seeds":2,"minecraft:raw_copper":5,"minecraft:pointed_dripstone":4,"minecraft:light_gray_wool":2,"minecraft:granite":25,"minecraft:poppy":1,"minecraft:dirt":16},"minecraft:mined":{"minecraft:dark_oak_fence":1,"minecraft:grass_block":1,"minecraft:chest":1,"minecraft:cobblestone":2,"minecraft:oak_planks":2,"minecraft:wall_torch":2,"minecraft:hay_block":31,"minecraft:iron_ore":1,"minecraft:wheat":6,"minecraft:grass":4,"minecraft:coal_ore":75,"minecraft:gravel":5,"minecraft:dirt":2,"minecraft:stone":64,"minecraft:white_wool":3},"minecraft:broken":{"minecraft:golden_hoe":1,"minecraft:iron_sword":1},"minecraft:used":{"minecraft:cooked_mutton":4,"minecraft:chest":3,"minecraft:shield":24,"minecraft:iron_sword":212,"minecraft:rotten_flesh":2,"minecraft:iron_chestplate":1,"minecraft:white_wool":11,"minecraft:torch":67,"minecraft:golden_hoe":41,"minecraft:crafting_table":2,"minecraft:black_wool":1,"minecraft:iron_pickaxe":146,"minecraft:gravel":4,"minecraft:cobblestone":36,"minecraft:furnace":1,"minecraft:cooked_porkchop":5,"minecraft:cooked_beef":3,"minecraft:experience_bottle":1},"minecraft:custom":{"minecraft:interact_with_furnace":8,"minecraft:mob_kills":35,"minecraft:interact_with_crafting_table":5,"minecraft:interact_with_stonecutter":1,"minecraft:leave_game":2,"minecraft:time_since_death":43766,"minecraft:sleep_in_bed":1,"minecraft:climb_one_cm":744,"minecraft:time_since_rest":10410,"minecraft:sprint_one_cm":180994,"minecraft:damage_taken":840,"minecraft:walk_one_cm":97744,"minecraft:damage_blocked_by_shield":1135,"minecraft:drop":9,"minecraft:damage_dealt":4440,"minecraft:swim_one_cm":15580,"minecraft:fly_one_cm":105275,"minecraft:open_chest":4,"minecraft:crouch_one_cm":6109,"minecraft:play_time":43766,"minecraft:sneak_time":5278,"minecraft:walk_under_water_one_cm":2088,"minecraft:jump":708,"minecraft:walk_on_water_one_cm":24784,"minecraft:total_world_time":43766,"minecraft:fall_one_cm":15239},"minecraft:picked_up":{"minecraft:wheat":13,"minecraft:feather":8,"minecraft:chicken":11,"minecraft:leather":8,"minecraft:potato":3,"minecraft:flint":3,"minecraft:oak_log":5,"minecraft:shield":1,"minecraft:string":10,"minecraft:dirt":31,"minecraft:raw_copper":5,"minecraft:cooked_mutton":4,"minecraft:bone":5,"minecraft:experience_bottle":1,"minecraft:wheat_seeds":20,"minecraft:beef":8,"minecraft:iron_ingot":10,"minecraft:poppy":3,"minecraft:iron_pickaxe":1,"minecraft:light_gray_wool":2,"minecraft:oak_planks":2,"minecraft:chest":2,"minecraft:iron_sword":1,"minecraft:furnace":2,"minecraft:stick":2,"minecraft:raw_iron":1,"minecraft:cooked_porkchop":7,"minecraft:torch":16,"minecraft:gravel":5,"minecraft:fire_charge":1,"minecraft:porkchop":4,"minecraft:pointed_dripstone":4,"minecraft:dark_oak_log":2,"minecraft:spider_eye":2,"minecraft:goat_horn":1,"minecraft:arrow":13,"minecraft:rotten_flesh":4,"minecraft:golden_hoe":1,"minecraft:hay_block":31,"minecraft:granite":25,"minecraft:crossbow":3,"minecraft:mutton":19,"minecraft:black_wool":1,"minecraft:dark_oak_fence":4,"minecraft:obsidian":1,"minecraft:coal":91,"minecraft:white_wool":17,"minecraft:cobblestone":94}},"DataVersion":3120}