{"stats":{"minecraft:crafted":{"minecraft:oak_planks":8,"minecraft:crafting_table":1,"minecraft:stick":8},"minecraft:killed":{"minecraft:skeleton":1,"minecraft:zombie":1},"minecraft:mined":{"minecraft:grass_block":4,"minecraft:oak_log":2,"minecraft:dirt":3},"minecraft:used":{"minecraft:dirt":1},"minecraft:picked_up":{"minecraft:bone":2,"minecraft:oak_log":2,"minecraft:dirt":7},"minecraft:custom":{"minecraft:time_since_rest":20912,"minecraft:crouch_one_cm":40,"minecraft:play_time":20912,"minecraft:sprint_one_cm":19913,"minecraft:damage_taken":160,"minecraft:walk_one_cm":42062,"minecraft:sneak_time":6767,"minecraft:walk_under_water_one_cm":11,"minecraft:mob_kills":2,"minecraft:jump":284,"minecraft:damage_dealt":375,"minecraft:leave_game":1,"minecraft:walk_on_water_one_cm":2618,"minecraft:time_since_death":20912,"minecraft:total_world_time":20912,"minecraft:swim_one_cm":2142,"minecraft:fall_one_cm":9333,"minecraft:fly_one_cm":23074}},"DataVersion":3120}