{"stats":{"minecraft:used":{"minecraft:torch":44},"minecraft:custom":{"minecraft:jump":187,"minecraft:damage_taken":511,"minecraft:time_since_rest":13082,"minecraft:play_time":21130,"minecraft:walk_one_cm":19907,"minecraft:damage_dealt":10,"minecraft:leave_game":10,"minecraft:sprint_one_cm":29787,"minecraft:time_since_death":12617,"minecraft:deaths":2,"minecraft:total_world_time":21130,"minecraft:fall_one_cm":2206,"minecraft:fly_one_cm":70970},"minecraft:killed_by":{"minecraft:zombie":1,"minecraft:player":1},"minecraft:mined":{"minecraft:grass":1,"minecraft:grass_block":3,"minecraft:oak_log":1},"minecraft:picked_up":{"minecraft:oak_log":1,"minecraft:dirt":3}},"DataVersion":3120}