{"stats":{"minecraft:crafted":{"minecraft:cooked_beef":4,"minecraft:wooden_sword":1,"minecraft:oak_door":3,"minecraft:oak_planks":84,"minecraft:cooked_porkchop":5,"minecraft:crafting_table":4,"minecraft:wooden_pickaxe":1,"minecraft:furnace":3,"minecraft:bone_meal":6,"minecraft:birch_planks":8,"minecraft:stone_axe":2,"minecraft:oak_boat":1,"minecraft:shield":2,"minecraft:stick":52,"minecraft:iron_ingot":6,"minecraft:stone_pickaxe":4,"minecraft:wooden_axe":1,"minecraft:stone_sword":2,"minecraft:torch":132},"minecraft:killed":{"minecraft:pig":6,"minecraft:spider":2,"minecraft:bat":1,"minecraft:sheep":3,"minecraft:skeleton":6,"minecraft:zombie":8,"minecraft:enderman":1,"minecraft:cow":2},"minecraft:dropped":{"minecraft:stone_axe":1,"minecraft:oak_log":6,"minecraft:stone_sword":1,"minecraft:cooked_porkchop":3,"minecraft:cobblestone":9,"minecraft:shield":1,"minecraft:torch":1,"minecraft:oak_sapling":6,"minecraft:spider_eye":1,"minecraft:wooden_sword":2,"minecraft:wooden_pickaxe":1,"minecraft:stone_pickaxe":2},"minecraft:mined":{"minecraft:deepslate_diamond_ore":1,"minecraft:crafting_table":3,"minecraft:torch":3,"minecraft:granite":1,"minecraft:grass_block":2,"minecraft:deepslate_gold_ore":13,"minecraft:lapis_ore":1,"minecraft:oak_planks":3,"minecraft:diorite":2,"minecraft:wall_torch":1,"minecraft:furnace":2,"minecraft:iron_ore":18,"minecraft:andesite":11,"minecraft:deepslate_lapis_ore":11,"minecraft:bee_nest":1,"minecraft:grass":6,"minecraft:oak_log":53,"minecraft:coal_ore":45,"minecraft:deepslate_iron_ore":24,"minecraft:dirt":9,"minecraft:stone":157,"minecraft:gold_ore":2,"minecraft:deepslate":10,"minecraft:oak_leaves":7},"minecraft:broken":{"minecraft:stone_pickaxe":1,"minecraft:wooden_axe":1},"minecraft:used":{"minecraft:stone_sword":13,"minecraft:stone_pickaxe":207,"minecraft:oak_planks":22,"minecraft:shield":33,"minecraft:wooden_pickaxe":17,"minecraft:rotten_flesh":7,"minecraft:oak_door":3,"minecraft:torch":120,"minecraft:dirt":8,"minecraft:crafting_table":7,"minecraft:granite":1,"minecraft:wooden_axe":49,"minecraft:string":2,"minecraft:iron_pickaxe":78,"minecraft:gravel":3,"minecraft:stone_axe":51,"minecraft:wooden_sword":2,"minecraft:porkchop":6,"minecraft:furnace":4,"minecraft:cooked_porkchop":2,"minecraft:oak_boat":1,"minecraft:cobbled_deepslate":7,"minecraft:cooked_beef":4,"minecraft:bone_meal":2},"minecraft:custom":{"minecraft:interact_with_furnace":14,"minecraft:mob_kills":29,"minecraft:interact_with_crafting_table":15,"minecraft:time_since_death":60000,"minecraft:time_since_rest":60000,"minecraft:sprint_one_cm":145211,"minecraft:damage_taken":793,"minecraft:walk_one_cm":161076,"minecraft:damage_blocked_by_shield":1160,"minecraft:drop":21,"minecraft:damage_dealt":4340,"minecraft:swim_one_cm":2600,"minecraft:fly_one_cm":112252,"minecraft:crouch_one_cm":15285,"minecraft:play_time":60000,"minecraft:sneak_time":8146,"minecraft:walk_under_water_one_cm":137,"minecraft:jump":863,"minecraft:walk_on_water_one_cm":15387,"minecraft:total_world_time":60000,"minecraft:fall_one_cm":21931},"minecraft:picked_up":{"minecraft:birch_log":2,"minecraft:crafting_table":3,"minecraft:andesite":12,"minecraft:leather":4,"minecraft:brown_wool":1,"minecraft:oak_log":59,"minecraft:lapis_lazuli":89,"minecraft:dirt":11,"minecraft:string":3,"minecraft:wooden_sword":1,"minecraft:bone":5,"minecraft:cobbled_deepslate":22,"minecraft:raw_gold":15,"minecraft:beef":4,"minecraft:oak_boat":1,"minecraft:iron_pickaxe":1,"minecraft:oak_planks":3,"minecraft:furnace":1,"minecraft:raw_iron":42,"minecraft:torch":10,"minecraft:gravel":3,"minecraft:porkchop":11,"minecraft:diorite":2,"minecraft:spider_eye":1,"minecraft:arrow":3,"minecraft:rotten_flesh":7,"minecraft:diamond":1,"minecraft:granite":1,"minecraft:oak_sapling":6,"minecraft:mutton":3,"minecraft:coal":50,"minecraft:white_wool":2,"minecraft:cobblestone":155,"minecraft:ender_pearl":1}},"DataVersion":3120}