{"stats":{"minecraft:killed_by":{"minecraft:zombie":1,"minecraft:player":1},"minecraft:mined":{"minecraft:grass":1,"minecraft:grass_block":3,"minecraft:oak_log":1},"minecraft:used":{"minecraft:torch":44},"minecraft:picked_up":{"minecraft:oak_log":1,"minecraft:dirt":3},"minecraft:custom":{"minecraft:jump":325,"minecraft:damage_taken":591,"minecraft:time_since_rest":26518,"minecraft:play_time":34566,"minecraft:walk_one_cm":33639,"minecraft:damage_dealt":20,"minecraft:leave_game":13,"minecraft:sprint_one_cm":66814,"minecraft:time_since_death":26053,"minecraft:deaths":2,"minecraft:total_world_time":34566,"minecraft:walk_on_water_one_cm":336,"minecraft:fall_one_cm":4621,"minecraft:fly_one_cm":133510}},"DataVersion":3120}