{"stats":{"minecraft:custom":{"minecraft:jump":110,"minecraft:time_since_rest":11202,"minecraft:damage_dealt":40,"minecraft:crouch_one_cm":512,"minecraft:damage_taken":135,"minecraft:play_time":11202,"minecraft:leave_game":4,"minecraft:sprint_one_cm":34532,"minecraft:walk_on_water_one_cm":1258,"minecraft:time_since_death":11202,"minecraft:walk_one_cm":18783,"minecraft:sneak_time":549,"minecraft:climb_one_cm":304,"minecraft:total_world_time":11202,"minecraft:walk_under_water_one_cm":1001,"minecraft:swim_one_cm":3786,"minecraft:fall_one_cm":2991,"minecraft:fly_one_cm":22757}},"DataVersion":3120}