{"stats":{"minecraft:used":{"minecraft:stone":44,"minecraft:lantern":5},"minecraft:custom":{"minecraft:jump":91,"minecraft:time_since_rest":16501,"minecraft:damage_taken":240,"minecraft:crouch_one_cm":430,"minecraft:leave_game":5,"minecraft:sprint_one_cm":5639,"minecraft:play_time":18299,"minecraft:walk_one_cm":14092,"minecraft:time_since_death":16481,"minecraft:deaths":1,"minecraft:sneak_time":218,"minecraft:total_world_time":18299,"minecraft:fall_one_cm":418,"minecraft:fly_one_cm":40571}},"DataVersion":3120}