{"stats":{"minecraft:crafted":{"minecraft:wooden_sword":1,"minecraft:oak_planks":84,"minecraft:crafting_table":2,"minecraft:stick":16,"minecraft:wooden_pickaxe":1,"minecraft:stone_pickaxe":1,"minecraft:wooden_axe":1,"minecraft:stone_sword":1,"minecraft:torch":20,"minecraft:stone_axe":1},"minecraft:killed":{"minecraft:sheep":3,"minecraft:zombie":2,"minecraft:pig":6,"minecraft:spider":1,"minecraft:cow":2},"minecraft:dropped":{"minecraft:stone_axe":1,"minecraft:stone_sword":1,"minecraft:oak_log":6,"minecraft:cobblestone":9,"minecraft:oak_sapling":4,"minecraft:wooden_sword":2,"minecraft:spider_eye":1,"minecraft:stone_pickaxe":1},"minecraft:mined":{"minecraft:crafting_table":1,"minecraft:bee_nest":1,"minecraft:coal_ore":5,"minecraft:grass":6,"minecraft:grass_block":2,"minecraft:oak_log":47,"minecraft:dirt":6,"minecraft:stone":17,"minecraft:oak_leaves":7},"minecraft:broken":{"minecraft:wooden_axe":1},"minecraft:used":{"minecraft:wooden_axe":49,"minecraft:stone_pickaxe":5,"minecraft:string":2,"minecraft:wooden_pickaxe":17,"minecraft:stone_axe":12,"minecraft:wooden_sword":2,"minecraft:dirt":8,"minecraft:crafting_table":3,"minecraft:porkchop":6},"minecraft:picked_up":{"minecraft:crafting_table":1,"minecraft:brown_wool":1,"minecraft:leather":4,"minecraft:porkchop":11,"minecraft:oak_log":53,"minecraft:string":2,"minecraft:spider_eye":1,"minecraft:dirt":8,"minecraft:wooden_sword":1,"minecraft:beef":4,"minecraft:oak_sapling":4,"minecraft:mutton":3,"minecraft:coal":5,"minecraft:white_wool":2,"minecraft:cobblestone":26},"minecraft:custom":{"minecraft:time_since_rest":18000,"minecraft:sprint_one_cm":45283,"minecraft:damage_taken":190,"minecraft:walk_one_cm":47688,"minecraft:mob_kills":14,"minecraft:drop":12,"minecraft:damage_dealt":1508,"minecraft:interact_with_crafting_table":4,"minecraft:fly_one_cm":56340,"minecraft:crouch_one_cm":433,"minecraft:play_time":18000,"minecraft:sneak_time":336,"minecraft:jump":315,"minecraft:walk_on_water_one_cm":593,"minecraft:time_since_death":18000,"minecraft:total_world_time":18000,"minecraft:fall_one_cm":5521}},"DataVersion":3120}