{"stats":{"minecraft:crafted":{"minecraft:oak_door":3,"minecraft:oak_planks":180,"minecraft:cooked_chicken":11,"minecraft:furnace":7,"minecraft:cooked_mutton":3,"minecraft:diamond_helmet":1,"minecraft:diamond_leggings":1,"minecraft:stone_pickaxe":2,"minecraft:chest":3,"minecraft:diamond_boots":1,"minecraft:dark_oak_planks":8,"minecraft:wheat":279,"minecraft:cooked_beef":8,"minecraft:diamond_sword":1,"minecraft:cooked_porkchop":4,"minecraft:crafting_table":8,"minecraft:wooden_pickaxe":1,"minecraft:iron_sword":1,"minecraft:cooked_salmon":3,"minecraft:bucket":3,"minecraft:campfire":1,"minecraft:stone_axe":1,"minecraft:bread":97,"minecraft:iron_chestplate":1,"minecraft:paper":18,"minecraft:shield":1,"minecraft:stick":88,"minecraft:iron_ingot":34,"minecraft:iron_pickaxe":6,"minecraft:stone_sword":2,"minecraft:gold_ingot":25,"minecraft:torch":220,"minecraft:diamond_chestplate":1},"minecraft:killed_by":{"minecraft:skeleton":1},"minecraft:killed":{"minecraft:spider":4,"minecraft:skeleton":2,"minecraft:chicken":27,"minecraft:pig":3,"minecraft:zombie_villager":1,"minecraft:salmon":3,"minecraft:iron_golem":2,"minecraft:sheep":15,"minecraft:pillager":1,"minecraft:zombie":7,"minecraft:cow":12},"minecraft:dropped":{"minecraft:wheat_seeds":3,"minecraft:cooked_beef":2,"minecraft:oak_log":96,"minecraft:diamond":24,"minecraft:cobblestone":29,"minecraft:leather":7,"minecraft:granite":28,"minecraft:dirt":25,"minecraft:diorite":6,"minecraft:white_wool":6,"minecraft:gravel":1,"minecraft:cobbled_deepslate":27,"minecraft:raw_copper":5,"minecraft:tuff":1,"minecraft:pointed_dripstone":4,"minecraft:light_gray_wool":2,"minecraft:oak_planks":8,"minecraft:poppy":1},"minecraft:mined":{"minecraft:diamond_ore":3,"minecraft:tuff":25,"minecraft:deepslate_diamond_ore":104,"minecraft:dark_oak_fence":1,"minecraft:granite":6,"minecraft:grass_block":9,"minecraft:kelp":3,"minecraft:hay_block":31,"minecraft:furnace":4,"minecraft:iron_ore":14,"minecraft:cobbled_deepslate":7,"minecraft:deepslate_lapis_ore":10,"minecraft:vine":1,"minecraft:deepslate_iron_ore":20,"minecraft:stone":299,"minecraft:blue_orchid":1,"minecraft:white_wool":3,"minecraft:deepslate_redstone_ore":4,"minecraft:kelp_plant":33,"minecraft:crafting_table":2,"minecraft:torch":2,"minecraft:chest":2,"minecraft:cobblestone":4,"minecraft:copper_ore":1,"minecraft:tall_grass":5,"minecraft:deepslate_gold_ore":52,"minecraft:lily_pad":1,"minecraft:oak_planks":3,"minecraft:sugar_cane":10,"minecraft:diorite":11,"minecraft:wall_torch":5,"minecraft:seagrass":1,"minecraft:wheat":6,"minecraft:grass":40,"minecraft:oak_log":69,"minecraft:coal_ore":117,"minecraft:gravel":21,"minecraft:dirt":14,"minecraft:oak_leaves":34,"minecraft:deepslate":1123},"minecraft:broken":{"minecraft:golden_hoe":1,"minecraft:stone_sword":1,"minecraft:wooden_pickaxe":1,"minecraft:stone_pickaxe":2,"minecraft:iron_sword":1,"minecraft:iron_pickaxe":5},"minecraft:used":{"minecraft:stone_sword":214,"minecraft:iron_shovel":2,"minecraft:chest":6,"minecraft:shield":41,"minecraft:iron_sword":229,"minecraft:cooked_chicken":2,"minecraft:rotten_flesh":9,"minecraft:iron_chestplate":1,"minecraft:oak_door":1,"minecraft:torch":102,"minecraft:dirt":8,"minecraft:diamond_helmet":1,"minecraft:tuff":4,"minecraft:granite":2,"minecraft:diamond_chestplate":1,"minecraft:furnace":12,"minecraft:cooked_beef":8,"minecraft:cobbled_deepslate":228,"minecraft:cooked_mutton":4,"minecraft:stone_pickaxe":258,"minecraft:oak_planks":48,"minecraft:wooden_pickaxe":57,"minecraft:white_wool":11,"minecraft:golden_hoe":41,"minecraft:crafting_table":10,"minecraft:campfire":1,"minecraft:black_wool":1,"minecraft:iron_pickaxe":1526,"minecraft:gravel":4,"minecraft:stone_axe":118,"minecraft:diamond_sword":20,"minecraft:cobblestone":109,"minecraft:cooked_porkchop":6,"minecraft:bucket":2,"minecraft:experience_bottle":1},"minecraft:custom":{"minecraft:mob_kills":77,"minecraft:interact_with_crafting_table":32,"minecraft:leave_game":10,"minecraft:time_since_death":119497,"minecraft:climb_one_cm":1177,"minecraft:sprint_one_cm":327939,"minecraft:walk_one_cm":319168,"minecraft:damage_blocked_by_shield":1550,"minecraft:drop":35,"minecraft:play_time":166433,"minecraft:deaths":1,"minecraft:sneak_time":8033,"minecraft:walk_under_water_one_cm":17633,"minecraft:jump":1652,"minecraft:walk_on_water_one_cm":41844,"minecraft:total_world_time":166433,"minecraft:interact_with_furnace":48,"minecraft:interact_with_stonecutter":1,"minecraft:sleep_in_bed":1,"minecraft:time_since_rest":119517,"minecraft:damage_taken":1745,"minecraft:damage_dealt":7954,"minecraft:fly_one_cm":210243,"minecraft:swim_one_cm":89695,"minecraft:open_chest":18,"minecraft:crouch_one_cm":10936,"minecraft:fall_one_cm":30457},"minecraft:picked_up":{"minecraft:crafting_table":2,"minecraft:wheat":13,"minecraft:chicken":27,"minecraft:wooden_pickaxe":1,"minecraft:shield":1,"minecraft:string":14,"minecraft:raw_copper":7,"minecraft:iron_shovel":1,"minecraft:experience_bottle":1,"minecraft:cobbled_deepslate":891,"minecraft:beef":23,"minecraft:poppy":3,"minecraft:iron_pickaxe":1,"minecraft:light_gray_wool":2,"minecraft:sugar_cane":18,"minecraft:chest":3,"minecraft:furnace":6,"minecraft:stick":4,"minecraft:raw_iron":34,"minecraft:torch":22,"minecraft:fire_charge":1,"minecraft:porkchop":6,"minecraft:pointed_dripstone":4,"minecraft:diorite":12,"minecraft:redstone":4,"minecraft:goat_horn":1,"minecraft:arrow":16,"minecraft:rotten_flesh":13,"minecraft:golden_hoe":1,"minecraft:hay_block":31,"minecraft:obsidian":1,"minecraft:mutton":24,"minecraft:cobblestone":356,"minecraft:white_wool":26,"minecraft:feather":30,"minecraft:cooked_beef":6,"minecraft:salmon":3,"minecraft:leather":15,"minecraft:potato":3,"minecraft:flint":7,"minecraft:tuff":12,"minecraft:oak_log":171,"minecraft:lapis_lazuli":59,"minecraft:dirt":54,"minecraft:cooked_mutton":4,"minecraft:bone":7,"minecraft:kelp":103,"minecraft:wheat_seeds":21,"minecraft:raw_gold":52,"minecraft:iron_ingot":10,"minecraft:cooked_chicken":4,"minecraft:oak_planks":12,"minecraft:iron_sword":1,"minecraft:cooked_porkchop":9,"minecraft:gravel":17,"minecraft:dark_oak_log":2,"minecraft:spider_eye":2,"minecraft:diamond":131,"minecraft:granite":33,"minecraft:crossbow":3,"minecraft:oak_sapling":2,"minecraft:black_wool":1,"minecraft:dark_oak_fence":4,"minecraft:coal":133}},"DataVersion":3120}