{"stats":{"minecraft:crafted":{"minecraft:wooden_sword":1,"minecraft:oak_planks":8,"minecraft:crafting_table":2,"minecraft:stick":12,"minecraft:wooden_pickaxe":1,"minecraft:birch_planks":24},"minecraft:killed_by":{"minecraft:skeleton":1},"minecraft:killed":{"minecraft:sheep":1,"minecraft:skeleton":1,"minecraft:zombie":1,"minecraft:pig":2,"minecraft:chicken":1,"minecraft:cow":3},"minecraft:mined":{"minecraft:birch_log":9,"minecraft:grass":4,"minecraft:grass_block":9,"minecraft:oak_log":2,"minecraft:dirt":13,"minecraft:stone":6},"minecraft:broken":{"minecraft:wooden_sword":1},"minecraft:used":{"minecraft:chicken":1,"minecraft:wooden_pickaxe":6,"minecraft:wooden_sword":56,"minecraft:dirt":2,"minecraft:beef":4,"minecraft:crafting_table":1,"minecraft:porkchop":2},"minecraft:custom":{"minecraft:time_since_rest":15047,"minecraft:sprint_one_cm":93822,"minecraft:damage_taken":545,"minecraft:walk_one_cm":96451,"minecraft:mob_kills":9,"minecraft:damage_dealt":1294,"minecraft:swim_one_cm":2142,"minecraft:interact_with_crafting_table":1,"minecraft:fly_one_cm":70087,"minecraft:crouch_one_cm":40,"minecraft:play_time":37265,"minecraft:sneak_time":6778,"minecraft:deaths":1,"minecraft:walk_under_water_one_cm":11,"minecraft:jump":570,"minecraft:leave_game":1,"minecraft:time_since_death":15027,"minecraft:walk_on_water_one_cm":2750,"minecraft:total_world_time":37265,"minecraft:fall_one_cm":17176},"minecraft:picked_up":{"minecraft:birch_log":9,"minecraft:feather":2,"minecraft:chicken":1,"minecraft:leather":5,"minecraft:porkchop":5,"minecraft:oak_log":2,"minecraft:dirt":22,"minecraft:wooden_sword":1,"minecraft:stone_sword":1,"minecraft:bone":2,"minecraft:rotten_flesh":1,"minecraft:wheat_seeds":2,"minecraft:beef":4,"minecraft:stone_pickaxe":1,"minecraft:oak_sapling":4,"minecraft:mutton":1,"minecraft:white_wool":1,"minecraft:cobblestone":6}},"DataVersion":3120}