{"stats":{"minecraft:picked_up":{"minecraft:stick":2,"minecraft:crafting_table":1,"minecraft:rotten_flesh":1,"minecraft:wheat_seeds":1,"minecraft:oak_sapling":2,"minecraft:dirt":1,"minecraft:string":1},"minecraft:killed":{"minecraft:spider":1,"minecraft:zombie":1},"minecraft:custom":{"minecraft:time_since_rest":12805,"minecraft:crouch_one_cm":859,"minecraft:play_time":12805,"minecraft:sprint_one_cm":40309,"minecraft:damage_taken":120,"minecraft:walk_one_cm":39049,"minecraft:sneak_time":319,"minecraft:mob_kills":2,"minecraft:jump":118,"minecraft:damage_dealt":328,"minecraft:leave_game":1,"minecraft:time_since_death":12805,"minecraft:walk_on_water_one_cm":740,"minecraft:total_world_time":12805,"minecraft:fall_one_cm":1705,"minecraft:fly_one_cm":22612},"minecraft:mined":{"minecraft:grass":4,"minecraft:grass_block":1,"minecraft:crafting_table":1},"minecraft:used":{"minecraft:dirt":1}},"DataVersion":3120}