{"stats":{"minecraft:used":{"minecraft:apple":1,"minecraft:cobblestone":1,"minecraft:crafting_table":1,"minecraft:stone_pickaxe":12,"minecraft:wooden_pickaxe":31},"minecraft:custom":{"minecraft:time_since_rest":10165,"minecraft:crouch_one_cm":899,"minecraft:play_time":10165,"minecraft:sprint_one_cm":29450,"minecraft:damage_taken":70,"minecraft:walk_one_cm":6601,"minecraft:sneak_time":2377,"minecraft:walk_under_water_one_cm":1461,"minecraft:jump":132,"minecraft:leave_game":1,"minecraft:time_since_death":10165,"minecraft:walk_on_water_one_cm":3199,"minecraft:total_world_time":10165,"minecraft:swim_one_cm":1497,"minecraft:interact_with_crafting_table":4,"minecraft:fall_one_cm":5309,"minecraft:fly_one_cm":34954},"minecraft:mined":{"minecraft:coal_ore":1,"minecraft:oak_log":26,"minecraft:stone":42,"minecraft:oak_leaves":8},"minecraft:crafted":{"minecraft:stone_sword":1,"minecraft:oak_planks":20,"minecraft:stone_axe":1,"minecraft:crafting_table":1,"minecraft:stick":4,"minecraft:wooden_pickaxe":1,"minecraft:stone_pickaxe":1},"minecraft:picked_up":{"minecraft:stick":4,"minecraft:apple":1,"minecraft:oak_log":26,"minecraft:oak_sapling":4,"minecraft:coal":1,"minecraft:cobblestone":39}},"DataVersion":3120}