{"stats":{"minecraft:killed":{"minecraft:pig":1,"minecraft:chicken":1,"minecraft:spider":1,"minecraft:polar_bear":1},"minecraft:picked_up":{"minecraft:crafting_table":2,"minecraft:feather":1,"minecraft:azure_bluet":1,"minecraft:chicken":1,"minecraft:dandelion":11,"minecraft:porkchop":2,"minecraft:oak_log":6,"minecraft:string":2,"minecraft:spider_eye":1,"minecraft:dirt":1,"minecraft:wheat_seeds":7,"minecraft:cobbled_deepslate":1,"minecraft:redstone_torch":2,"minecraft:poppy":1,"minecraft:cobblestone":22,"minecraft:oxeye_daisy":2},"minecraft:custom":{"minecraft:time_since_rest":242774,"minecraft:sprint_one_cm":43071,"minecraft:damage_taken":500,"minecraft:walk_one_cm":272750,"minecraft:mob_kills":5,"minecraft:drop":3,"minecraft:damage_dealt":702,"minecraft:fly_one_cm":237574,"minecraft:interact_with_crafting_table":3,"minecraft:player_kills":1,"minecraft:play_time":252115,"minecraft:deaths":2,"minecraft:walk_under_water_one_cm":163,"minecraft:jump":500,"minecraft:leave_game":11,"minecraft:walk_on_water_one_cm":720,"minecraft:time_since_death":242754,"minecraft:total_world_time":252115,"minecraft:fall_one_cm":2626},"minecraft:killed_by":{"minecraft:zombie":2},"minecraft:dropped":{"minecraft:dirt":1,"minecraft:tnt":1,"minecraft:cobbled_deepslate":1},"minecraft:mined":{"minecraft:crafting_table":2,"minecraft:grass":22,"minecraft:oak_log":6,"minecraft:tall_grass":2,"minecraft:stone":22},"minecraft:crafted":{"minecraft:oak_planks":24,"minecraft:crafting_table":1,"minecraft:stick":8,"minecraft:wooden_pickaxe":1,"minecraft:stone_pickaxe":1,"minecraft:wooden_axe":1,"minecraft:furnace":1,"minecraft:stone_axe":1},"minecraft:used":{"minecraft:calcite":21,"minecraft:redstone_torch":8,"minecraft:glass":6,"minecraft:wooden_axe":14,"minecraft:water_bucket":1,"minecraft:bricks":93,"minecraft:grass_block":188,"minecraft:stone_pickaxe":1,"minecraft:oak_sign":3,"minecraft:wooden_pickaxe":21,"minecraft:tinted_glass":23,"minecraft:dark_oak_slab":138,"minecraft:zombie_spawn_egg":8,"minecraft:quartz_stairs":25,"minecraft:smooth_quartz":298,"minecraft:stone_axe":7,"minecraft:glowstone":53,"minecraft:dirt":2,"minecraft:crafting_table":2,"minecraft:brick_slab":1,"minecraft:deepslate_coal_ore":2,"minecraft:white_bed":3,"minecraft:polar_bear_spawn_egg":1,"minecraft:cobbled_deepslate":142,"minecraft:granite":54,"minecraft:stripped_spruce_log":3,"minecraft:stripped_spruce_wood":26}},"DataVersion":3120}