{"stats":{"minecraft:crafted":{"minecraft:furnace":1,"minecraft:oak_planks":24,"minecraft:stone_axe":1,"minecraft:crafting_table":1,"minecraft:stick":8,"minecraft:wooden_pickaxe":1,"minecraft:stone_pickaxe":1,"minecraft:wooden_axe":1},"minecraft:killed_by":{"minecraft:zombie":2},"minecraft:killed":{"minecraft:spider":1,"minecraft:pig":1,"minecraft:chicken":1},"minecraft:mined":{"minecraft:grass":22,"minecraft:oak_log":6,"minecraft:tall_grass":2,"minecraft:stone":21,"minecraft:crafting_table":2},"minecraft:used":{"minecraft:stone_axe":7,"minecraft:wooden_axe":1,"minecraft:crafting_table":2,"minecraft:wooden_pickaxe":21},"minecraft:picked_up":{"minecraft:crafting_table":2,"minecraft:feather":1,"minecraft:chicken":1,"minecraft:wheat_seeds":2,"minecraft:porkchop":2,"minecraft:oak_log":6,"minecraft:dirt":1,"minecraft:spider_eye":1,"minecraft:string":2,"minecraft:cobblestone":21},"minecraft:custom":{"minecraft:time_since_rest":82264,"minecraft:damage_taken":500,"minecraft:sprint_one_cm":10992,"minecraft:play_time":91605,"minecraft:walk_one_cm":37312,"minecraft:deaths":2,"minecraft:mob_kills":3,"minecraft:jump":117,"minecraft:damage_dealt":317,"minecraft:leave_game":5,"minecraft:time_since_death":82244,"minecraft:total_world_time":91605,"minecraft:player_kills":1,"minecraft:interact_with_crafting_table":3,"minecraft:fall_one_cm":896,"minecraft:fly_one_cm":28308}},"DataVersion":3120}