{"stats":{"minecraft:killed_by":{"minecraft:zombie":1,"minecraft:creeper":1},"minecraft:mined":{"minecraft:grass":10,"minecraft:grass_block":2,"minecraft:dirt":2},"minecraft:used":{"minecraft:dirt":3},"minecraft:picked_up":{"minecraft:dirt":3},"minecraft:custom":{"minecraft:jump":55,"minecraft:leave_game":1,"minecraft:time_since_rest":21,"minecraft:damage_dealt":138,"minecraft:crouch_one_cm":510,"minecraft:deaths":2,"minecraft:sprint_one_cm":6468,"minecraft:play_time":2516,"minecraft:damage_taken":528,"minecraft:time_since_death":0,"minecraft:walk_one_cm":5155,"minecraft:sneak_time":95,"minecraft:total_world_time":2516,"minecraft:fall_one_cm":894,"minecraft:fly_one_cm":12281}},"DataVersion":3120}