{"stats":{"minecraft:mined":{"minecraft:iron_ore":1,"minecraft:crafting_table":1,"minecraft:grass":1,"minecraft:oak_log":8,"minecraft:vine":2,"minecraft:jungle_log":5,"minecraft:dead_bush":143,"minecraft:stone":20,"minecraft:oak_leaves":6,"minecraft:fern":2},"minecraft:crafted":{"minecraft:wooden_sword":1,"minecraft:oak_planks":16,"minecraft:jungle_wood":3,"minecraft:crafting_table":1,"minecraft:stick":8,"minecraft:wooden_pickaxe":1,"minecraft:stone_pickaxe":1,"minecraft:wooden_axe":1,"minecraft:stone_sword":1,"minecraft:furnace":1,"minecraft:jungle_planks":4},"minecraft:used":{"minecraft:wooden_axe":8,"minecraft:stone_sword":27,"minecraft:stone_pickaxe":16,"minecraft:wooden_pickaxe":5,"minecraft:rotten_flesh":2,"minecraft:cobblestone":6,"minecraft:crafting_table":2},"minecraft:picked_up":{"born_in_chaos_v1:corpse_maggot":2,"minecraft:raw_iron":1,"minecraft:stick":132,"minecraft:crafting_table":1,"minecraft:jungle_log":5,"minecraft:oak_log":8,"minecraft:bone":2,"minecraft:rotten_flesh":2,"minecraft:oak_sapling":1,"minecraft:cobblestone":20},"minecraft:custom":{"minecraft:time_since_rest":20689,"minecraft:sprint_one_cm":10350,"minecraft:damage_taken":260,"minecraft:walk_one_cm":96687,"minecraft:mob_kills":3,"minecraft:damage_dealt":568,"minecraft:interact_with_crafting_table":5,"minecraft:fly_one_cm":12552,"minecraft:play_time":20689,"minecraft:walk_under_water_one_cm":928,"minecraft:jump":296,"minecraft:leave_game":1,"minecraft:walk_on_water_one_cm":4326,"minecraft:time_since_death":20689,"minecraft:total_world_time":20689,"minecraft:fall_one_cm":3596},"minecraft:killed":{"born_in_chaos_v1:corpse_fly":2,"born_in_chaos_v1:decrepit_skeleton":1}},"DataVersion":3120}