{"stats":{"minecraft:picked_up":{"minecraft:stick":1,"minecraft:spruce_log":6},"minecraft:crafted":{"minecraft:wooden_sword":1,"minecraft:crafting_table":1,"minecraft:spruce_planks":8},"minecraft:custom":{"minecraft:jump":8,"minecraft:time_since_rest":3917,"minecraft:leave_game":1,"minecraft:sprint_one_cm":682,"minecraft:play_time":3917,"minecraft:time_since_death":3917,"minecraft:walk_one_cm":2748,"minecraft:total_world_time":3917,"minecraft:interact_with_crafting_table":1,"minecraft:fall_one_cm":420,"minecraft:fly_one_cm":247},"minecraft:used":{"minecraft:crafting_table":1},"minecraft:mined":{"minecraft:spruce_leaves":4,"minecraft:spruce_log":6}},"DataVersion":3120}