{"stats":{"minecraft:mined":{"minecraft:grass":3,"minecraft:grass_block":1},"minecraft:picked_up":{"minecraft:dirt":1},"minecraft:custom":{"minecraft:jump":186,"minecraft:time_since_rest":11114,"minecraft:leave_game":1,"minecraft:crouch_one_cm":1045,"minecraft:sprint_one_cm":33271,"minecraft:walk_on_water_one_cm":100,"minecraft:play_time":11114,"minecraft:damage_taken":100,"minecraft:time_since_death":11114,"minecraft:walk_one_cm":34247,"minecraft:sneak_time":628,"minecraft:total_world_time":11114,"minecraft:fall_one_cm":4735,"minecraft:fly_one_cm":31019}},"DataVersion":3120}