{
  "minecraft:recipes/misc/charcoal": {
    "criteria": {
      "has_log": "2024-07-10 01:38:00 +0000"
    },
    "done": true
  },
  "minecraft:recipes/building_blocks/oak_planks": {
    "criteria": {
      "has_logs": "2024-07-10 01:38:00 +0000"
    },
    "done": true
  },
  "minecraft:adventure/root": {
    "criteria": {
      "killed_by_something": "2024-07-10 01:14:15 +0000"
    },
    "done": true
  },
  "minecraft:recipes/building_blocks/oak_wood": {
    "criteria": {
      "has_log": "2024-07-10 01:38:00 +0000"
    },
    "done": true
  },
  "minecraft:adventure/adventuring_time": {
    "criteria": {
      "minecraft:plains": "2024-07-10 00:17:18 +0000"
    },
    "done": false
  },
  "DataVersion": 3120
}